{
	"format_version": "1.8.0",
	"animations": {
		"shoot": {
			"loop": true,
			"animation_length": 0.1667,
			"bones": {
				"right_arm": {
					"rotation": [90, 0, -180],
					"position": {
						"0.0": [5.65, -2.2, 5],
						"0.125": [5.65, -2.2, 5]
					}
				},
				"left_arm": {
					"rotation": [73.95054, -26.20116, -129.71317],
					"position": [-2.5, -4.2, -3.85]
				},
				"ejector": {
					"position": {
						"0.0": [0, 0, 1.9],
						"0.0833": [0, 0, 0]
					}
				},
				"makeshift_stock": {
					"position": [0, 0, 0]
				},
				"gun_body": {
					"rotation": {
						"0.0": [0, 0, 0],
						"0.1667": [0, 0, 0]
					},
					"position": {
						"0.0": [0, 0, 0],
						"0.1667": [0, 0, 0]
					}
				}
			},
			"particle_effects": {
				"0.0": {
					"effect": "eject_casing"
				}
			}
		},
		"aim_shoot": {
			"loop": true,
			"animation_length": 0.2083,
			"bones": {
				"right_arm": {
					"rotation": [90, 0, -180],
					"position": {
						"0.0": [5.65, -2.2, 5],
						"0.125": [5.65, -2.2, 5]
					}
				},
				"left_arm": {
					"rotation": [73.95054, -26.20116, -129.71317],
					"position": [-2.5, -4.2, -3.85]
				},
				"ejector": {
					"position": {
						"0.0": [0, 0, 1.9],
						"0.0833": [0, 0, 0]
					}
				},
				"makeshift_stock": {
					"position": [0, 0, 0]
				},
				"gun_body": {
					"rotation": {
						"0.0": [0, 0, 0],
						"0.2083": [0, 0, 0]
					},
					"position": {
						"0.0": [0, 0, 0],
						"0.2083": [0, 0, 0]
					}
				}
			},
			"particle_effects": {
				"0.0": {
					"effect": "eject_casing"
				}
			}
		},
		"reload": {
			"animation_length": 3.5,
			"bones": {
				"right_arm": {
					"rotation": [90, 0, -180],
					"position": [5.65, -2.2, 5]
				},
				"left_arm": {
					"rotation": {
						"0.0417": [73.95054, -26.20116, -129.71317],
						"0.1667": [74.48684, 39.3748, -157.83972],
						"0.375": [49.57892, -11.93195, -237.85294],
						"0.6667": [107.81495, -25.08137, -199.96481],
						"0.7083": [107.81495, -25.08137, -199.96481],
						"1.0417": [107.81495, -25.08137, -199.96481],
						"1.3333": [87.18904, -20.31286, -215.83933],
						"1.5833": [117.10044, -28.19044, -188.59688],
						"1.75": [117.10044, -28.19044, -188.59688],
						"2.0": [117.10044, -28.19044, -188.59688],
						"2.2917": [9.30804, -1.72315, -14.05315],
						"2.5833": [9.30804, -1.72315, -14.05315],
						"2.7083": [9.44712, -0.58119, -20.96088],
						"3.0417": [58.94854, -23.67294, -85.0066],
						"3.25": [73.95054, -26.20116, -129.71317]
					},
					"position": {
						"0.0417": [-2.5, -4.2, -3.85],
						"0.1667": [3.345, -11.165, -0.85],
						"0.375": [3.345, -11.165, 6.15],
						"0.6667": [-1.5, -6.3, 2.85],
						"0.7083": [-1.5, -6.3, 2.85],
						"0.8333": [-1.48, -6.41, 1.72],
						"1.0417": [-1.48, -6.41, 1.72],
						"1.3333": [-0.22027, -9.50223, -3.02004],
						"1.625": [-3.30304, -7.8218, -0.62037],
						"1.6667": [-3.30304, -7.8218, -0.62037],
						"1.75": [-2.8, -7.52, 0.08],
						"2.0": [-2.8, -7.52, 0.08],
						"2.1667": [-6.10903, -9.32335, 0.27318],
						"2.2917": [-7.2, -5.72, -3.02],
						"2.4167": [-7.2, -5.72, -1.22],
						"2.7083": [-7.2, -5.72, -0.62],
						"2.875": [-6.10903, -9.32335, 0.27318],
						"3.0833": [-2.30304, -7.8218, -2.62037],
						"3.25": [-2.5, -4.2, -3.85]
					}
				},
				"gun_body": {
					"rotation": {
						"0.0417": [0, 0, 0],
						"0.4583": [-10.14, -6.3, -22.42],
						"0.5417": [-7.64, -6.3, -22.42],
						"0.7917": [-7.64, -6.3, -22.42],
						"1.0833": [-5.14, -6.3, -22.42],
						"1.2083": [0.11, 3.7, -22.42],
						"1.4583": [-2.39, -6.3, -22.42],
						"1.5417": [-2.39, -6.3, -22.42],
						"1.7083": [-2.39, -6.3, -22.42],
						"1.8333": [-7.39, -6.3, -22.42],
						"2.3333": [-6.08476, -9.8577, -34.55642],
						"2.5417": [-5.68875, -5.76472, -38.06941],
						"2.6667": [-5.67962, -4.76964, -38.16887],
						"2.7917": [1.39367, -20.68703, -36.49797],
						"2.9583": [12.15548, -14.64036, -25.82988],
						"3.2083": [4, 0, 0],
						"3.4167": [0, 0, 0]
					},
					"position": {
						"0.0417": [0, 0, 0],
						"0.3333": [-1.06714, 3.60695, -0.01337],
						"0.5417": [-1.07, 3.23, -0.01],
						"0.6667": [-1.06714, 3.32695, -0.01337],
						"0.7917": [-1.06714, 3.32695, -0.01337],
						"0.9583": [-1.07, 3.61, -0.41],
						"1.0833": [-1.07, 3.61, -0.31],
						"1.2917": [-0.83211, 2.74987, -1.91836],
						"1.625": [-0.87, 3.16, 0],
						"1.7083": [-0.87, 3.16, 0],
						"1.8333": [-1.17829, 3.86123, 0.15886],
						"2.0833": [0.23, 3.185, 0.08],
						"2.3333": [1.63, 3.16, 0],
						"2.5417": [1.29, 3.1, 1.31],
						"2.6667": [1.29, 3.1, 1.31],
						"2.7917": [1.83885, 3.29335, -0.65467],
						"3.2083": [0, -0.71, -0.52],
						"3.375": [0, 0, 0]
					}
				},
				"ejector": {
					"position": {
						"0.0": [0, 0, 0],
						"2.2917": [0, 0, 0],
						"2.4167": [0, 0, 1.8],
						"2.5833": [0, 0, 1.8],
						"2.625": [0, 0, 0]
					}
				},
				"magazine": {
					"rotation": {
						"0.0": [0, 0, 0],
						"1.0417": [0, 0, 0],
						"1.0833": [0, 0, 0],
						"1.375": [-112.5, 0, 0],
						"3.4167": [0, 0, 0]
					},
					"position": {
						"0.0": [0, 0, 0],
						"1.0417": [0, 0, 0],
						"1.125": [-2.76746, -1.49429, -8.98774],
						"1.1667": [-3.65644, -4.15247, -15.62404],
						"1.2083": [-4.92047, -6.98671, -21.6497],
						"1.25": [-8.23109, -11.04276, -25.77818],
						"1.375": [-17.58576, -22.3461, -29.76485],
						"3.4167": [0, 0, 0]
					},
					"scale": {
						"0.0": [1, 1, 1],
						"1.0417": [1, 1, 1],
						"1.3333": [1, 1, 1],
						"1.375": [0, 0, 0]
					}
				},
				"magazine_2": {
					"rotation": {
						"0.0": [0, 0, 0],
						"0.375": [54.94002, 11.62075, -53.02698],
						"0.6667": [7.02839, 27.26044, -18.5573],
						"0.7083": [7.02839, 27.26044, -18.5573],
						"1.0417": [7.02839, 27.26044, -18.5573],
						"1.3333": [26.66024, 23.07256, -35.39954],
						"1.5833": [-17.5, 0, 0],
						"1.6667": [-17.5, 0, 0],
						"1.75": [0, 0, 0]
					},
					"position": {
						"0.0": [0, 0, 0],
						"0.3333": [0, 0, 0],
						"0.375": [11.54278, -7.83711, 5.40732],
						"0.6667": [1.52, 0.46, 3.14],
						"0.7083": [1.52, 0.46, 3.14],
						"0.8333": [1.53, 0.25, 1.95],
						"1.0417": [1.53, 0.25, 1.95],
						"1.3333": [3.64086, -4.42125, -4.54402],
						"1.625": [0.01, 0.03, -0.975],
						"1.6667": [0.01, 0.03, -0.975],
						"1.75": [0, 0, 0]
					},
					"scale": {
						"0.0": [0, 0, 0],
						"0.375": [0, 0, 0],
						"0.4167": [1, 1, 1]
					}
				},
				"makeshift_stock": {
					"position": [0, 0, 0]
				}
			},
			"sound_effects": {
				"1.0833": {
					"effect": "reload_mag_out"
				},
				"1.6667": {
					"effect": "reload_mag_in"
				},
				"2.3333": {
					"effect": "reload_end"
				}
			},
			"timeline": {
				"1.875": "reloaded;",
				"3.4583": "finishReloading;"
			}
		},
		"inspect": {
			"animation_length": 5.4167,
			"bones": {
				"right_arm": {
					"rotation": {
						"0.0417": {
							"pre": [90, 0, -180],
							"post": [90, 0, -180],
							"lerp_mode": "catmullrom"
						},
						"2.125": {
							"post": [90, 0, -180],
							"lerp_mode": "catmullrom"
						},
						"2.4583": {
							"post": [68.66081, 8.80014, -294.92278],
							"lerp_mode": "catmullrom"
						},
						"2.5417": {
							"post": [68.66081, 8.80014, -294.92278],
							"lerp_mode": "catmullrom"
						},
						"2.7083": {
							"post": [68.66081, 8.80014, -294.92278],
							"lerp_mode": "catmullrom"
						},
						"4.0": {
							"post": [68.66081, 8.80014, -294.92278],
							"lerp_mode": "catmullrom"
						},
						"4.125": {
							"post": [78.66081, 8.80014, -294.92278],
							"lerp_mode": "catmullrom"
						},
						"4.7917": {
							"post": [90, 0, -180],
							"lerp_mode": "catmullrom"
						}
					},
					"position": {
						"0.0417": {
							"pre": [5.65, -2.2, 5],
							"post": [5.65, -2.2, 5],
							"lerp_mode": "catmullrom"
						},
						"2.125": {
							"post": [5.65, -2.2, 5],