{
	"format_version": "1.8.0",
	"animations": {
		"idle": {
			"loop": true,
			"animation_length": 4,
			"bones": {
				"main": {
					"rotation": [0, 0, 0],
					"position": [0, -8, 3.6]
				},
				"left_arm": {
					"rotation": [75.30102, -4.48059, -177.72417],
					"position": [0.80108, -5.09228, -2.58031]
				},
				"right_arm": {
					"rotation": [78.59717, 2.35847, -191.28019],
					"position": [4.71634, -0.82343, 4.67228]
				}
			}
		},
		"draw": {
			"loop": "hold_on_last_frame",
			"animation_length": 3.5,
			"bones": {
				"main": {
					"rotation": {
						"0.0": [0, 0, 0],
						"0.7692": [0, 0, 0],
						"1.5": [0, 0, 0],
						"2.1154": [0, 0, 0],
						"2.7308": [0, 0, 0],
						"3.3462": [0, 0, 0]
					},
					"position": {
						"0.0": [0, -8, 3.6],
						"0.7692": [0, -8, 3.6],
						"1.5": [0, -8, 3.6],
						"2.1154": [0, -8, 3.6],
						"2.7308": [0, -8, 3.6],
						"3.3462": [0, -8, 3.6]
					}
				},
				"left_arm": {
					"rotation": {
						"0.0": [75.3, -4.48, -177.72],
						"0.7692": [75.30102, -4.48059, -177.72417],
						"1.5": [75.3, -4.48, -177.72],
						"2.1154": [75.3, -4.48, -177.72],
						"2.7308": [75.3, -4.48, -177.72],
						"3.3462": [75.30102, -4.48059, -177.72417]
					},
					"position": {
						"0.0": [0.8, -5.09, -2.58],
						"0.7692": [0.80108, -5.09228, -2.58031],
						"1.5": [0.8, -5.09, -2.58],
						"2.1154": [0.8, -5.09, -2.58],
						"2.7308": [0.8, -5.09, -2.58],
						"3.3462": [0.80108, -5.09228, -2.58031]
					}
				},
				"right_arm": {
					"rotation": {
						"0.0": [78.6, 2.36, -191.28],
						"0.7692": [78.59717, 2.35847, -191.28019],
						"1.0769": [78.59717, 2.35847, -191.28019],
						"1.5": [78.6, 2.36, -191.28],
						"2.1154": [78.6, 2.36, -191.28],
						"2.5": [78.53, 1.7, -189.69],
						"2.6923": {
							"pre": [78.51172, -7.44217, -189.29634],
							"post": [78.51172, -7.44217, -189.29634],
							"lerp_mode": "catmullrom"
						},
						"3.3462": [78.59717, 2.35847, -191.28019]
					},
					"position": {
						"0.0": [4.72, -0.82, 4.67],
						"0.7692": [4.71634, -0.82343, 4.67228],
						"1.0769": [4.71634, -0.82343, 4.67228],
						"1.5": [2.22, -3.82, 1.97],
						"1.6923": [2.22, -3.82, 3.91],
						"2.1154": [2.22, -3.82, 4.97],
						"2.5": [1.72, -3.82, 4.97],
						"2.6154": [1.41198, -3.71353, 5.8496],
						"2.7308": [1.05129, -3.57158, 7.0224],
						"3.3462": [4.71634, -0.82343, 4.67228]
					}
				},
				"gun_body": {
					"rotation": {
						"0.0": [7.5, 0, 0],
						"0.3077": [-4.73, -0.54, 0],
						"0.5": [-11.5, -1, 0],
						"0.6538": [-12.4, -0.6, 0],
						"0.8077": [-5.24, -0.36, 0],
						"1.0769": [0, 0, 0],
						"1.5": {
							"pre": [-16.86307, 8.12672, 24.21432],
							"post": [-16.86307, 8.12672, 24.21432],
							"lerp_mode": "catmullrom"
						},
						"2.1154": {
							"post": [-16.90154, 10.11232, 24.9716],
							"lerp_mode": "catmullrom"
						},
						"2.7308": {
							"post": [-16.90154, 10.11232, 23.3716],
							"lerp_mode": "catmullrom"
						},
						"2.9231": [-16.04, 8.85, 19.38],
						"3.2308": [0, 0, 0],
						"3.3462": {
							"pre": [2, 0, -3],
							"post": [2, 0, -3],
							"lerp_mode": "catmullrom"
						},
						"3.5": [0, 0, 0]
					},
					"position": {
						"0.0": [0, -5, 2.1],
						"0.3846": [1, 0.94, -0.41],
						"0.5385": [1.1, 1.4, -1.1],
						"0.6538": [1.2, 1.1, -1.5],
						"0.7692": [1.2, 0.05, -1.3],
						"0.8846": [1.2, -0.8, -1.1],
						"1.0769": [1.2, -1.4, -1.1],
						"1.5": {
							"pre": [5.9, 1.7, -1.1],
							"post": [5.9, 1.7, -1.1],
							"lerp_mode": "catmullrom"
						},
						"2.1154": [5.9, 1.9, 1.9],
						"2.5": [5.9, 1.9, 2.2],
						"2.8077": {
							"pre": [5.2, 1.79, -0.71],
							"post": [5.2, 1.79, -0.71],
							"lerp_mode": "catmullrom"
						},
						"3.2308": [0, 0, 0],
						"3.3462": {
							"pre": [0, -0.3, 0],
							"post": [0, -0.3, 0],
							"lerp_mode": "catmullrom"
						},
						"3.5": [0, 0, 0]
					}
				},
				"ejector": {
					"position": {
						"0.0": [0, 0, 0],
						"1.5": [0, 0, 0],
						"1.5385": [0, 0, 0.41651],
						"1.5769": [0, 0, 1.39171],
						"1.6154": [0, 0, 1.91369],
						"1.6538": [0, 0, 2.231],
						"1.6923": [0, 0, 2.44335],
						"1.7308": [0, 0, 2.59029],
						"1.7692": [0, 0, 2.69165],
						"1.8077": [0, 0, 2.75908],
						"1.8462": [0, 0, 2.8],
						"2.0385": [0, 0, 2.98786],
						"2.0769": [0, 0, 3.00644],
						"2.1154": [0, 0, 3],
						"2.4231": [0, 0, 3],
						"2.4615": [0, 0, 2.99024],
						"2.5385": [0, 0, 2.8],
						"2.5769": [0, 0, 2.41462],
						"2.6154": [0, 0, 1.28752],
						"2.6538": [0, 0, 0.27546],
						"2.6923": [0, 0, 0],
						"3.3462": [0, 0, 0]
					}
				}
			},
			"sound_effects": {
				"1.5769": {
					"effect": "ejector_pull"
				},
				"2.5": {
					"effect": "ejector_release"
				}
			},
			"timeline": {
				"1.5769": "ejector_pull;",
				"2.5": "ejector_release;"
			}
		},
		"shoot": {
			"loop": true,
			"animation_length": 0.3529,
			"bones": {
				"main": {
					"rotation": {
						"0.0": [0, 0, 0],
						"0.0588": [0, 0, 0],
						"0.3529": [0, 0, 0]
					},
					"position": {
						"0.0": [0, -8, 3.6],
						"0.0588": [0, -8, 3.6],
						"0.3529": [0, -8, 3.6]
					}
				},
				"left_arm": {
					"rotation": {
						"0.0": [75.30102, -4.48059, -177.72417],
						"0.0588": [75.30102, -4.48059, -177.72417],
						"0.3529": [75.30102, -4.48059, -177.72417]
					},
					"position": {
						"0.0": [0.80108, -5.09228, -2.58031],
						"0.0588": [0.80108, -5.09228, -2.58031],
						"0.3529": [0.80108, -5.09228, -2.58031]
					}
				},
				"right_arm": {
					"rotation": {
						"0.0": [78.59717, 2.35847, -191.28019],
						"0.0588": [78.59717, 2.35847, -191.28019],
						"0.3529": [78.59717, 2.35847, -191.28019]
					},
					"position": {
						"0.0": [4.71634, -0.82343, 4.67228],
						"0.0588": [4.71634, -0.82343, 4.67228],
						"0.3529": [4.71634, -0.82343, 4.67228]
					}
				},
				"gun_body": {
					"rotation": {
						"0.0": [-2.5, 0, 0],
						"0.0588": {
							"pre": [-3.5, 0, 0],
							"post": [-3.5, 0, 0],
							"lerp_mode": "catmullrom"
						},
						"0.3529": [0, 0, 0]
					},
					"position": {
						"0.0": [0, 0, 0.5],
						"0.0588": {
							"pre": [0, 0.1, 0.8],
							"post": [0, 0.1, 0.8],
							"lerp_mode": "catmullrom"
						},
						"0.3529": [0, 0, 0]
					}
				},
				"recoil": {
					"position": {
						"0.0": [0, 0, 3],
						"0.0588": [0, 0, 4],
						"0.3529": [0, 0, 0]
					}
				},
				"ejector": {
					"position": {
						"0.0": [0, 0, 2],
						"0.0588": [0, 0, 2.8],
						"0.3529": [0, 0, 0]
					}
				},
				"receiver": {
					"rotation": {
						"0.0": [0, 0, 0],
						"0.0588": [0, 0, 0],
						"0.3529": [0, 0, 0]
					},
					"position": {
						"0.0": [0, 0, 0],
						"0.0588": [0, 0, 0],
						"0.3529": [0, 0, 0]
					}
				}
			}
		},
		"sprint": {
			"loop": true,
			"animation_length": 2.6667,
			"bones": {
				"main": {
					"rotation": [0, 0, 0],
					"position": [0, -8, 3.6]
				},
				"left_arm": {
					"rotation": [75.30102, -4.48059, -177.72417],
					"position": [0.80108, -5.09228, -2.58031]
				},
				"right_arm": {
					"rotation": [78.59717, 2.35847, -191.28019],
					"position": [4.71634, -0.82343, 4.67228]
				}
			}
		},
		"aim_shoot": {
			"loop": true,
			"bones": {
				"main": {
					"rotation": [0, 0, 0],
					"position": [0, -8, 3.6]
				},
				"left_arm": {
					"rotation": [75.30102, -4.48059, -177.72417],
					"position": [0.80108, -5.09228, -2.58031]
				},
				"right_arm": {
					"rotation": [78.59717, 2.35847, -191.28019],
					"position": [4.71634, -0.82343, 4.67228]
				}
			}
		},
		"reload": {
			"loop": "hold_on_last_frame",
			"animation_length": 6.015,
			"bones": {
				"main": {
					"rotation": [0, 0, 0],
					"position": [0, -8, 3.6]
				},
				"left_arm": {
					"rotation": {
						"0.0": [75.30102, -4.48059, -177.72417],
						"0.5833": [102.80102, -4.48059, -177.72417],